Jennifer_Vega@jenkins.net,19710307,66551251,Jennifer,Vega,50,Vega_91945
Aaron_Wilson@burke-benton.net,19870517,75053391,Aaron,Wilson,34,Wilson_6845c
Samuel_Lee@gardner-rodriguez.net,19740902,57636831,Samuel,Lee,47,Lee_d3d5c
Jennifer_Weaver@patterson.com,19781015,74152151,Jennifer,Weaver,43,Weaver_feb81
Timothy_Ortega@ramos.com,19980104,59312963,Mr.,Timothy,23,Timothy_17e39
Leonard_Hamilton@brown.com,19880229,76082775,Leonard,Hamilton,33,Hamilton_f2276
Kathy_Phillips@floyd.com,19841216,57829247,Kathy,Phillips,37,Phillips_608c9
Danny_Simmons@morales.com,19631013,26313911,Danny,Simmons,58,Simmons_cd946
Jennifer_Jimenez@morgan.com,19921121,59592559,Jennifer,Jimenez,29,Jimenez_5ed59
Penny_Lopez@young-huang.net,19540925,99596291,Penny,Lopez,67,Lopez_7b621
Victoria_Lawson@snyder.com,19541204,24045823,Victoria,Lawson,67,Lawson_c755d
Michael_Martinez@hogan.net,19521107,40271975,Michael,Martinez,69,Martinez_bc0fc
Samantha_Sullivan@cunningham-williams.com,19600423,64913455,Samantha,Sullivan,61,Sullivan_61495
Paul_Jones@clark-irwin.com,19940215,91301999,Dr.,Paul,27,Paul_f903f
Danielle_Tran@mann.com,19880826,85246679,Danielle,Tran,33,Tran_40aaa
Jeff_Freeman@guzman.com,20030520,13590655,Jeff,Freeman,18,Freeman_35a3d
Marissa_Jones@lewis.net,19580806,32094119,Marissa,Jones,63,Jones_cdd9f
Elijah_Roy@jones-baldwin.com,19870705,57159015,Elijah,Roy,34,Roy_57ef7
Courtney_Simpson@preston-cantrell.com,19731103,77314887,Courtney,Simpson,48,Simpson_7383f
Kimberly_Hopkins@adams.com,19931022,67364511,Kimberly,Hopkins,28,Hopkins_56d12
William_King@cline-allen.com,19841115,21561215,William,King,37,King_4ae33
Stephanie_Robertson@owen-rodriguez.com,20020805,75259367,Stephanie,Robertson,19,Robertson_c09d4
Rickey_Hill@parker-cohen.com,19640430,56465207,Rickey,Hill,57,Hill_bd6cc
Erika_Stewart@solis.com,19851226,83552695,Erika,Stewart,36,Stewart_40f40
Gregory_Allen@stanley.net,19780122,48871907,Gregory,Allen,43,Allen_c7f06
Christina_Johnson@clark.com,20010622,30262983,Christina,Johnson,20,Johnson_5dcd5
Kelli_Wells@jones.com,19540308,27406215,Kelli,Wells,67,Wells_5c2c0
Nathan_Archer@gray.com,19560723,72954367,Nathan,Archer,65,Archer_c6232
Michael_Kline@phelps-alvarez.com,19650623,20968343,Michael,Kline,56,Kline_6fe75
Joshua_Rodriguez@thornton-benitez.com,19530317,27953967,Joshua,Rodriguez,68,Rodriguez_1eec6
James_Rodriguez@logan.com,19810717,50981423,James,Rodriguez,40,Rodriguez_a7ea3
Robert_Ortega@perez.com,19600316,57040695,Robert,Ortega,61,Ortega_7f647
Teresa_Ruiz@holmes.com,19510904,22432447,Teresa,Ruiz,70,Ruiz_e89df
Madison_Mejia@sims.com,19530323,73824679,Madison,Mejia,68,Mejia_10b0a
James_Bailey@flynn.net,19861007,26146743,James,Bailey,35,Bailey_b3b3b
Mary_Perry@williams.net,19730808,57879711,Mary,Perry,48,Perry_e8625
Crystal_Jones@webb.com,19620914,39588047,Crystal,Jones,59,Jones_85733
Aaron_Brown@yates.com,19860502,43815191,Aaron,Brown,35,Brown_9035e
Brian_Contreras@hill.net,19650708,89794399,Brian,Contreras,56,Contreras_91010
Tanya_Barajas@davis.com,19740430,92793871,Tanya,Barajas,47,Barajas_c09f8
Ashley_Frost@brown-hill.com,19521020,16473423,Ashley,Frost,69,Frost_ddfa1
Samantha_Rasmussen@stokes-leon.com,19940621,26634223,Samantha,Rasmussen,27,Rasmussen_0fcc4
Erica_Weber@harris-fox.com,19930809,20074939,Erica,Weber,28,Weber_b3165
Amanda_Campbell@parker.com,19810324,21954431,Amanda,Campbell,40,Campbell_fe47b
Vincent_Martin@wright-lee.com,19840124,55457087,Vincent,Martin,37,Martin_92713
Tony_Crawford@moore.com,19870818,15997263,Tony,Crawford,34,Crawford_a2a35
Randy_Sullivan@perez.net,19611025,15665967,Randy,Sullivan,60,Sullivan_7d828
Kimberly_Thompson@brewer-walters.net,20001211,88531623,Kimberly,Thompson,21,Thompson_77cc8
William_Hopkins@snyder.com,20010104,12277875,William,Hopkins,20,Hopkins_cfbfa
Martin_Compton@morgan.com,19840602,42037887,Martin,Compton,37,Compton_395a9
Anthony_Gross@pratt.com,19660423,92193723,Anthony,Gross,55,Gross_9a287
Tracy_Brown@joyce.com,19720823,26044711,Tracy,Brown,49,Brown_8baf8
James_Stanley@beltran.com,20011008,51351887,James,Stanley,20,Stanley_a95cd
Norma_Jenkins@larson.com,19570323,78071863,Norma,Jenkins,64,Jenkins_e5537
Leslie_Preston@johns.com,19720510,71892959,Leslie,Preston,49,Preston_d0922
Crystal_Valdez@stewart-randolph.com,20030802,65598575,Crystal,Valdez,18,Valdez_ddc44
Jay_Parker@fowler.net,19930930,57583783,Jay,Parker,28,Parker_311d6
Lance_Williams@williams.net,19730807,19310567,Lance,Williams,48,Williams_44d67
Carl_Taylor@melendez.com,19750112,27075015,Carl,Taylor,46,Taylor_10cf5
Brenda_Dean@allison-hill.com,19690215,55037019,Brenda,Dean,52,Dean_33bcc
Kathleen_Allen@cook.com,19860113,38829559,Kathleen,Allen,35,Allen_b02ca
Patricia_Olsen@haynes-blankenship.com,19981124,70673187,Patricia,Olsen,23,Olsen_98e22
Marie_Lamb@hampton.com,19790410,26841263,Marie,Lamb,42,Lamb_5dc6d
Nathan_Flores@gibbs.net,19790409,86883135,Nathan,Flores,42,Flores_a43fb
Ashley_Caldwell@mason-bryant.com,19880903,13420663,Ashley,Caldwell,33,Caldwell_aa013
David_Frank@reyes-thomas.com,19680928,31192639,David,Frank,53,Frank_97c93
Heather_Boyle@lopez.com,20030301,91679575,Heather,Boyle,18,Boyle_b1a10
Renee_Martin@crawford-walker.com,19810421,55803823,Renee,Martin,40,Martin_caab2
Keith_Parker@moore.com,19640826,40120471,Keith,Parker,57,Parker_0793e
Ernest_Blake@long.com,19990621,27155511,Ernest,Blake,22,Blake_ed155
Melissa_Levy@arroyo.com,19500330,51842935,Melissa,Levy,71,Levy_bef91
Brandon_Powell@craig-gonzales.net,19760606,43375815,Brandon,Powell,45,Powell_fe4b6
Lisa_Holloway@brown.com,19720102,73751431,Lisa,Holloway,50,Holloway_485d0
Kimberly_Stone@murphy-bryant.com,19940512,25323999,Kimberly,Stone,27,Stone_1d9aa
Adam_Jones@ashley.com,19730316,55082935,Adam,Jones,48,Jones_575ba
Richard_Tucker@murphy.com,19710625,53838335,Richard,Tucker,50,Tucker_0eb60
Elizabeth_Andersen@baker.com,19740123,69096535,Elizabeth,Andersen,47,Andersen_61066
Destiny_Lutz@thompson-wright.com,19940412,87853607,Destiny,Lutz,27,Lutz_3427f
Brandy_Allen@hardy-griffin.com,19810113,92130799,Brandy,Allen,40,Allen_54dd1
Stephanie_Decker@barrett.net,19770905,92626639,Stephanie,Decker,44,Decker_0c2ca
Michelle_Keller@johnson.com,19510607,56139711,Michelle,Keller,70,Keller_80065
Stacey_Yates@lewis.com,19921208,30115967,Stacey,Yates,29,Yates_0613f
Sue_Lee@rojas.com,19860829,97367575,Sue,Lee,35,Lee_f9df7
Anna_Long@coleman.com,19740316,52566967,Anna,Long,47,Long_850ab
Annette_Watson@brown-brennan.com,19580423,67851175,Annette,Watson,63,Watson_6dc0c
Robert_Perez@anderson-shaw.net,19690528,38876643,Robert,Perez,52,Perez_6ff11
James_Thomas@torres.net,19520509,58718239,James,Thomas,69,Thomas_6cc50
Kelli_Olson@campbell.net,19960723,50265023,Kelli,Olson,25,Olson_50aa7
Becky_Reid@vargas.net,19751027,37025287,Becky,Reid,46,Reid_1bdd4
Wesley_Shaw@henderson-gibson.com,19830121,76819471,Wesley,Shaw,38,Shaw_afe1c
Pamela_Boyd@freeman.com,19680628,25030751,Pamela,Boyd,53,Boyd_94bd7
Jeremy_Lewis@murray.com,19530107,44159519,Jeremy,Lewis,68,Lewis_644d9
Jennifer_Garza@herrera-klein.com,19890603,31999455,Jennifer,Garza,32,Garza_be6d1
Larry_Wilson@perry.com,19670221,56158527,Larry,Wilson,54,Wilson_0ce7d
Joshua_Thompson@morrow.com,19840830,98999803,Joshua,Thompson,37,Thompson_9e058
Dennis_Williams@rivas.com,19661107,93993079,Dennis,Williams,55,Williams_874b3
Karen_Morton@romero.com,19910410,36838791,Karen,Morton,30,Morton_e4bde
Joseph_Perry@tucker.com,19510616,16254071,Joseph,Perry,70,Perry_b530f
Heather_Herman@williams-lindsey.com,19710606,97877423,Heather,Herman,50,Herman_0ab62
Laura_Lopez@rodriguez.com,19901221,72627367,Laura,Lopez,31,Lopez_ea347
Joel_Webb@solis-swanson.com,19891009,37839071,Joel,Webb,32,Webb_5b693
Donna_Malone@brown.com,19521007,89038207,Donna,Malone,69,Malone_73ad1
Reginald_Barnes@walker-robinson.com,19730214,19884399,Reginald,Barnes,48,Barnes_f462c
Brett_House@rose-clarke.com,19841126,98114087,Brett,House,37,House_3cb13
Robert_Weaver@young-leonard.com,19820218,39131199,Robert,Weaver,39,Weaver_201e1
Beth_Martinez@johnson.com,19681225,87909191,Beth,Martinez,53,Martinez_204f4
Nicole_Small@nolan-randall.com,19570414,82553335,Nicole,Small,64,Small_09b68
Anthony_Cline@rivera-collier.net,19890125,64231171,Anthony,Cline,32,Cline_d04f7
Spencer_Ware@montgomery-lane.com,19801009,74599951,Spencer,Ware,41,Ware_0b5e6
Willie_Erickson@bartlett.com,19910110,53673855,Willie,Erickson,30,Erickson_3df9d
Daniel_Nguyen@mccall.com,19590903,37673823,Daniel,Nguyen,62,Nguyen_6a5e7
Tiffany_Brown@stout-thompson.com,20030217,27755951,Tiffany,Brown,18,Brown_1d91b
Leonard_Martinez@mcbride.com,19560922,14452319,Leonard,Martinez,65,Martinez_7564a
Thomas_Forbes@beck.com,19591023,25036935,Thomas,Forbes,62,Forbes_60d80
Robert_Stephens@lopez.com,20000619,92784815,Robert,Stephens,21,Stephens_5a6e3
Kevin_Mayo@pope-jones.com,19761029,76234311,Kevin,Mayo,45,Mayo_d6f2e
Daniel_Chen@little.com,19520716,46750383,Daniel,Chen,69,Chen_7d3b1
Samuel_Dalton@marquez.com,19960916,75194711,Samuel,Dalton,25,Dalton_32ce4
Heather_Bennett@hamilton-blair.com,20020105,64795847,Heather,Bennett,19,Bennett_dcbc8
Joshua_King@hale.net,20000106,99342223,Joshua,King,21,King_89592
Randy_Moyer@jennings-brown.com,20030617,32958939,Randy,Moyer,18,Moyer_839f3
Crystal_Blake@parker.com,19701117,97878511,Crystal,Blake,51,Blake_e7660
Heather_Combs@powell.com,19590428,18518647,Heather,Combs,62,Combs_2d19f
Amanda_Evans@cox.com,19590224,92559519,Amanda,Evans,62,Evans_62a52
Sergio_Day@guzman-garrett.com,19510531,27091295,Sergio,Day,70,Day_69b70
Julie_Boyd@white-george.com,19690906,47949079,Julie,Boyd,52,Boyd_9e514
Tara_Barnes@shepherd.com,19540801,42232079,Tara,Barnes,67,Barnes_bc727
Logan_Watkins@hernandez.com,20000511,87081215,Logan,Watkins,21,Watkins_c9964
Steven_Ortiz@hamilton.com,19670605,15073183,Steven,Ortiz,54,Ortiz_c84c2
Lisa_Marquez@day-smith.com,19710326,18443671,Lisa,Marquez,50,Marquez_7aa36
Sergio_Hughes@cardenas.com,19810309,86954943,Sergio,Hughes,40,Hughes_0c3d2
Destiny_Rojas@stanton.com,19860121,27351983,Destiny,Rojas,35,Rojas_1f285
Danny_Lewis@turner.com,19521225,41036747,Danny,Lewis,69,Lewis_07faf
Jennifer_Martin@moore.com,19830527,83212175,Jennifer,Martin,38,Martin_82381
Arthur_Chandler@martin.com,19610210,18438007,Arthur,Chandler,60,Chandler_4ab75
Cheryl_Crosby@bowman-potter.com,19580930,54032091,Cheryl,Crosby,63,Crosby_9b4b3
Ronald_Hudson@carson.com,19511003,66192423,Ronald,Hudson,70,Hudson_01af1
Jennifer_Lee@guerra-lopez.com,19500104,35305031,Jennifer,Lee,71,Lee_d7999
Gregory_Yoder@robinson-johnson.com,19530620,75705319,Gregory,Yoder,68,Yoder_70108
Carolyn_Harmon@watts-horn.com,19980124,55977599,Carolyn,Harmon,23,Harmon_69598
Christopher_Harrell@lindsey.com,19700630,52999479,Dr.,Christopher,51,Christopher_7257b
Kevin_Johnson@rogers.com,19930802,15154639,Kevin,Johnson,28,Johnson_a67f3
Michael_Harrison@franklin.com,19510819,29087871,Michael,Harrison,70,Harrison_087c8
Terry_Moore@barker-ayers.com,19870615,19828167,Terry,Moore,34,Moore_c62aa
James_Rogers@green.net,19930704,65821255,James,Rogers,28,Rogers_656af
Kathleen_Tran@wilson.net,19740211,20044927,Kathleen,Tran,47,Tran_b0eca
Jacqueline_Conway@robinson-carson.com,19710617,91842383,Jacqueline,Conway,50,Conway_ae427
Chad_Clark@hodges.com,19610919,54277383,Chad,Clark,60,Clark_35061
Maxwell_Cole@larson.com,19510203,41796463,Maxwell,Cole,70,Cole_92aa4
Bethany_Williamson@flores.com,19540310,40227935,Bethany,Williamson,67,Williamson_2b72a
Joseph_Wright@powell.net,19570521,40768583,Joseph,Wright,64,Wright_f1b73
Thomas_Rogers@banks-perkins.net,19970819,36072875,Thomas,Rogers,24,Rogers_3818b
Jenny_Lewis@flores.com,19970706,62475987,Jenny,Lewis,24,Lewis_11948
Heidi_Bolton@spencer.com,19560616,58079023,Heidi,Bolton,65,Bolton_06e0a
Daniel_Lewis@robertson.com,19770205,48084439,Daniel,Lewis,44,Lewis_e0082
Dale_Ramirez@patton.com,19550323,59875791,Dale,Ramirez,66,Ramirez_63293
Carol_Sharp@garcia-lamb.com,19750312,18014567,Carol,Sharp,46,Sharp_7f0b3
Joseph_Buck@jacobs.com,19520311,34270063,Joseph,Buck,69,Buck_542b9
Lynn_Anderson@williams-carter.com,19960113,75488911,Lynn,Anderson,25,Anderson_542fb
Emily_Andrews@reyes-singh.com,19550427,20594859,Emily,Andrews,66,Andrews_bbb39
Sarah_Harris@thomas-sanchez.com,20010530,52442775,Sarah,Harris,20,Harris_526ca
Victor_Owens@collins.com,19960815,53064383,Victor,Owens,25,Owens_620f1
Kimberly_Koch@rodriguez.net,19870125,35893839,Kimberly,Koch,34,Koch_43971
Allison_Obrien@bailey-sanders.com,19620423,81154631,Allison,Obrien,59,Obrien_00e34
John_Rogers@oneill.com,19710905,21046575,John,Rogers,50,Rogers_160f6
Laura_Bailey@snyder.com,19700811,56551543,Laura,Bailey,51,Bailey_13f67
Janet_Collins@farrell.com,19840721,89424095,Janet,Collins,37,Collins_120bd
Kristin_Lawson@salinas.com,19760111,36661711,Kristin,Lawson,45,Lawson_cbf97
James_Castaneda@miller-hart.com,19640126,64715807,James,Castaneda,57,Castaneda_7660a
Michael_Middleton@williams-zamora.com,19810804,85114431,Michael,Middleton,40,Middleton_02dfc
Robert_Ortiz@saunders-hunter.com,19761108,80296223,Robert,Ortiz,45,Ortiz_66abd
Connie_Harper@lewis.com,19950627,21369119,Connie,Harper,26,Harper_709ac
Debbie_Burns@salinas.com,19830806,95570935,Debbie,Burns,38,Burns_f2b3a
Gabriel_Preston@black.com,19961120,88336263,Gabriel,Preston,25,Preston_b6298
Steven_Hodges@sanchez-phillips.com,19510903,65795715,Steven,Hodges,70,Hodges_0c95a
Brandon_Orozco@greene.com,19870717,59988495,Brandon,Orozco,34,Orozco_02d2b
Kari_Nguyen@farley.com,19991119,47980591,Kari,Nguyen,22,Nguyen_6f546
Brittany_Hill@rogers-hoffman.com,19870605,90817791,Brittany,Hill,34,Hill_2c87a
Carrie_Martinez@hendrix.com,19740124,96107743,Carrie,Martinez,47,Martinez_a7c33
Jeffery_Hill@cook-lloyd.com,19591223,26071551,Jeffery,Hill,62,Hill_e24f9
Linda_White@moore.com,19751015,84876711,Linda,White,46,White_e9960
Jake_Spencer@murphy.com,20020509,53533879,Jake,Spencer,19,Spencer_c21d7
Joseph_Chan@hutchinson-gutierrez.com,19660922,19544079,Joseph,Chan,55,Chan_f9d1e
Sara_Dominguez@delgado.com,19860220,69114407,Sara,Dominguez,35,Dominguez_40133
Kathleen_Ali@horn-rogers.com,19960602,45338687,Kathleen,Ali,25,Ali_a2746
Danielle_Stephens@miller.net,19610929,16838823,Danielle,Stephens,60,Stephens_baaae
Ann_Wolf@wilkins.com,19801112,26916187,Ann,Wolf,41,Wolf_dbc29
Brianna_Schaefer@nelson-mcmahon.com,19761203,34700887,Brianna,Schaefer,45,Schaefer_ac7f3
Angela_Morris@murray.com,19760702,89409391,Angela,Morris,45,Morris_9ba0c
Cristian_Kelley@taylor-colon.net,19510108,22272647,Cristian,Kelley,70,Kelley_f3101
Jeffrey_Turner@robinson.com,19840112,30152387,Jeffrey,Turner,37,Turner_a2281
Jesse_Perry@marsh.net,19691013,45471479,Jesse,Perry,52,Perry_1c3c6
Ricardo_Cruz@salazar-manning.com,19780205,83436279,Ricardo,Cruz,43,Cruz_7bf56
Jessica_Smith@walsh-steele.com,19510531,97984639,Jessica,Smith,70,Smith_69b70
Brenda_Long@carter.net,19510914,45992583,Brenda,Long,70,Long_f0fca
Megan_Taylor@montgomery.com,19930510,12610975,Megan,Taylor,28,Taylor_757b6
Kelly_Morales@sanchez.com,19800227,44799815,Kelly,Morales,41,Morales_3cabc
Sheri_Johnson@lucas.com,19880422,34118127,Sheri,Johnson,33,Johnson_5c594
Lori_Pacheco@ayala.com,19620630,94662495,Lori,Pacheco,59,Pacheco_7ccf5
Sandra_Schmidt@herrera.com,19590711,50638143,Sandra,Schmidt,62,Schmidt_be25c
Rachel_Hill@gutierrez.com,19541202,55824367,Ms.,Rachel,67,Rachel_2b641
Emily_Case@lewis.com,19850508,90216215,Emily,Case,36,Case_1fe51
Seth_Alvarez@conrad.com,19800108,90929927,Seth,Alvarez,41,Alvarez_af321
Jose_Reyes@garcia.com,19700929,94563263,Jose,Reyes,51,Reyes_0a636
Zachary_Le@whitaker.com,19851028,56441999,Zachary,Le,36,Le_44e84
Rhonda_Anthony@lawson.com,19740915,12850551,Rhonda,Anthony,47,Anthony_91ec3
Joseph_Hill@rodriguez-newton.com,20020923,89902687,Joseph,Hill,19,Hill_0d4d9
Erin_Davis@sanchez.net,19600917,22992863,Erin,Davis,61,Davis_dbcb2
Lucas_Brown@miller.com,19891101,34675679,Lucas,Brown,32,Brown_1ebf8
William_Garcia@powell.com,19850912,25729991,William,Garcia,36,Garcia_72e9b
Lauren_Swanson@pena-pierce.com,19610921,85204407,Lauren,Swanson,60,Swanson_b3ea5
John_Frank@martin.com,19500519,42691023,John,Frank,71,Frank_4dfb9
Tony_Perry@lewis-holland.com,19730910,11231827,Tony,Perry,48,Perry_d9da1
Nicole_Schmidt@stephens.com,19651109,86157423,Nicole,Schmidt,56,Schmidt_54bf2
Nathan_Gray@scott-gonzalez.com,19960618,48983767,Nathan,Gray,25,Gray_15cd6
Nichole_Delgado@dixon-cruz.com,19720305,60338223,Nichole,Delgado,49,Delgado_f68ba
Raven_Ford@mcdowell.com,19960213,13519207,Raven,Ford,25,Ford_36701
Marcus_Rodriguez@jones.com,19690511,23424599,Marcus,Rodriguez,52,Rodriguez_3a35b
Daniel_Grimes@keith.com,19821126,61518103,Daniel,Grimes,39,Grimes_2efc5
Samuel_Solomon@wolf.net,19871230,26166751,Samuel,Solomon,34,Solomon_23bae
Katrina_Miller@grimes.com,19540308,81240247,Katrina,Miller,67,Miller_5c2c0
Raymond_Conner@oneal-johnson.com,19970128,95736583,Raymond,Conner,24,Conner_71970
Cory_Garcia@evans-benson.com,19550202,86555943,Cory,Garcia,66,Garcia_14ae7
Lori_Fuller@gordon.com,19680101,54288255,Lori,Fuller,54,Fuller_9068b
Corey_Wilson@hoover-hernandez.com,19531011,39467535,Corey,Wilson,68,Wilson_da57e
Denise_Dominguez@long.com,19660628,28235547,Denise,Dominguez,55,Dominguez_db12a
Holly_James@macdonald.com,19641104,62732175,Holly,James,57,James_e7a3a
Alicia_Mccarty@beasley.com,19820916,57669519,Alicia,Mccarty,39,Mccarty_a4b9d
Zoe_Christian@grant.com,19990319,22170983,Zoe,Christian,22,Christian_90eb3
Nicholas_Watson@williams.com,19620403,72181751,Nicholas,Watson,59,Watson_61db6
Shirley_Ruiz@house-gay.com,19720812,23759691,Mrs.,Shirley,49,Shirley_956d3
Victoria_Wood@proctor-baker.com,19910622,13955959,Victoria,Wood,30,Wood_67f27
Jillian_Knight@davenport.com,19881108,20417711,Jillian,Knight,33,Knight_10192
Ryan_Fisher@fletcher.com,19871030,63505855,Ryan,Fisher,34,Fisher_27703
Stephanie_Howe@allen.com,19630905,37283343,Stephanie,Howe,58,Howe_a7c94
Kenneth_Kim@duran.com,19990505,37818767,Kenneth,Kim,22,Kim_c0e4a
Andrew_Macias@douglas.com,19661013,28232535,Andrew,Macias,55,Macias_a4116
Lisa_Jackson@morton-lowe.com,19730114,82393203,Lisa,Jackson,48,Jackson_89ce6
Elizabeth_Huffman@zamora.com,19580918,15486151,Elizabeth,Huffman,63,Huffman_fb25a
Christina_Stone@medina.com,19930320,34449775,Christina,Stone,28,Stone_9ab9f
Miranda_Mata@martin.com,19930124,61632395,Miranda,Mata,28,Mata_53cfc
Alexander_Merritt@butler.net,19800913,33574735,Alexander,Merritt,41,Merritt_696fd
Austin_Alexander@ortiz.com,19950418,12638703,Austin,Alexander,26,Alexander_12438
Kelly_Sanders@coleman.com,19520413,29703695,Kelly,Sanders,69,Sanders_e9c2f
Matthew_Jones@arnold.com,20000615,98616991,Matthew,Jones,21,Jones_fae51
Donna_Juarez@sanders-briggs.com,19550612,60313867,Donna,Juarez,66,Juarez_ab899
Sarah_David@collier.net,19981216,97218247,Sarah,David,23,David_39e9f
Carmen_Barajas@smith.com,19810526,34685455,Carmen,Barajas,40,Barajas_62836
Angela_Johnson@stewart.com,19840827,62439103,Angela,Johnson,37,Johnson_5dcba
Melissa_Sparks@sanchez-stevenson.com,19930802,27530863,Melissa,Sparks,28,Sparks_a67f3
Rebecca_Serrano@martin.com,19650726,48396631,Rebecca,Serrano,56,Serrano_c59d5
Katherine_Hill@tran.com,19830918,37709951,Katherine,Hill,38,Hill_e971e
Kristin_Hart@ortega.com,19661217,36255543,Kristin,Hart,55,Hart_3b264
Jacqueline_Ho@henry.com,19610131,75359367,Jacqueline,Ho,60,Ho_73551
Tyler_Rodriguez@nelson.com,19691123,38316039,Tyler,Rodriguez,52,Rodriguez_c3743
Michael_Knight@davidson.com,19870408,71412263,Michael,Knight,34,Knight_e66ab
Heather_Arroyo@martinez.com,19790709,36165719,Heather,Arroyo,42,Arroyo_44022
Lori_Larson@flowers.com,19630807,38397103,Lori,Larson,58,Larson_06714
Lindsay_Lopez@foster.net,19820123,62519943,Lindsay,Lopez,39,Lopez_b6ee8
David_Vazquez@davila-beck.com,19900612,57160871,David,Vazquez,31,Vazquez_13d09
Karen_Salazar@wu-cohen.com,19950502,89394439,Karen,Salazar,26,Salazar_cf1ae
Sherry_Hicks@stout-nicholson.com,19611127,12514111,Sherry,Hicks,60,Hicks_5e5f2
Sarah_Davila@nash.com,19790906,46685303,Sarah,Davila,42,Davila_1977b
Karen_Oneill@gomez.com,19921004,72265879,Karen,Oneill,29,Oneill_7278c
Nicholas_Mills@williams.com,19631001,68844231,Nicholas,Mills,58,Mills_f511a
Kim_Hull@king.com,20030619,69198923,Kim,Hull,18,Hull_d0117
Jennifer_Montgomery@estrada-cole.com,19710715,53834071,Jennifer,Montgomery,50,Montgomery_1a334
Cynthia_Bailey@oneill.com,19790825,48942719,Cynthia,Bailey,42,Bailey_13beb
John_Wright@harris.com,19831019,96650335,John,Wright,38,Wright_fefcf
Kelsey_Miller@anderson-green.com,19781107,45676055,Kelsey,Miller,43,Miller_d6676
Sheila_Brown@stevens-edwards.com,19821128,32490999,Sheila,Brown,39,Brown_565a7
Lisa_Moore@ramos.com,19941119,99493567,Lisa,Moore,27,Moore_a6529
Brianna_Haynes@garcia.com,19980401,12153303,Brianna,Haynes,23,Haynes_dd4da
Julian_Newman@haynes.com,19580313,49873159,Julian,Newman,63,Newman_15a27
Thomas_Ferguson@guzman.com,19591213,28787319,Thomas,Ferguson,62,Ferguson_fb458
David_Swanson@gregory.com,20021220,16753799,David,Swanson,19,Swanson_0be9c
Kathryn_Dyer@walker.com,19591210,57873103,Kathryn,Dyer,62,Dyer_7b5ce
Lauren_Rodriguez@soto.com,19931016,27106623,Lauren,Rodriguez,28,Rodriguez_a9b99
Jeffrey_Rodriguez@trujillo.com,19900331,56472143,Jeffrey,Rodriguez,31,Rodriguez_f1303
Richard_Anderson@white.com,19580607,66751511,Richard,Anderson,63,Anderson_7118f
Andrea_Huynh@dixon-smith.com,19890929,26799851,Andrea,Huynh,32,Huynh_1735e
Brian_Allen@conway.com,19560101,93233303,Brian,Allen,66,Allen_013af
Jacqueline_Peck@smith-miller.com,19590210,60512219,Jacqueline,Peck,62,Peck_723a2
Jessica_Lee@brown-baxter.com,19670124,89410823,Jessica,Lee,54,Lee_7f12f
Martin_Allen@steele.com,20020924,99969439,Martin,Allen,19,Allen_7a4f2
Jason_Mcdaniel@wood.com,19650403,68591887,Jason,Mcdaniel,56,Mcdaniel_50061
Angela_Mitchell@moreno-evans.com,19690105,50190223,Angela,Mitchell,52,Mitchell_06d3f
Derrick_Sanchez@mitchell.com,19700424,97980535,Derrick,Sanchez,51,Sanchez_9f266
Christine_Ellis@blackwell.com,19980617,69393823,Christine,Ellis,23,Ellis_b9ff0
Alyssa_Salinas@robbins.com,19980710,41363847,Alyssa,Salinas,23,Salinas_8ad1c
Kevin_Walsh@hamilton.net,19920805,63251375,Mr.,Kevin,29,Kevin_8cd29
Stuart_Daniels@castro.com,20020317,38551603,Stuart,Daniels,19,Daniels_c934d
Kenneth_Knox@zamora.com,19990626,47904991,Kenneth,Knox,22,Knox_d64ed
Steve_Mitchell@adkins-russell.com,19751027,98789479,Steve,Mitchell,46,Mitchell_1bdd4
Craig_Hendricks@garcia-higgins.com,19951018,51721063,Craig,Hendricks,26,Hendricks_a352c
Ricky_Kerr@gonzalez-martinez.com,19510625,43238807,Ricky,Kerr,70,Kerr_a02d8
Gloria_Aguilar@dorsey-donaldson.com,19690606,69773231,Gloria,Aguilar,52,Aguilar_d3661
Gerald_Hall@kim-chapman.com,19711007,53954823,Mr.,Gerald,50,Gerald_0bc14
Alexander_Knight@doyle.com,19740812,41639975,Alexander,Knight,47,Knight_7e064
Joseph_Cross@mason-shaw.net,19530126,35750023,Joseph,Cross,68,Cross_36c08
Joel_Myers@smith-willis.net,19720920,49665991,Dr.,Joel,49,Joel_1466d
Michael_Mckee@gordon.com,20000917,87409327,Michael,Mckee,21,Mckee_92c0e
Roy_Park@rodriguez-west.com,19551029,69451423,Roy,Park,66,Park_a639e
Jonathan_Castro@sandoval.com,19700409,95059239,Jonathan,Castro,51,Castro_49d90
Richard_Carroll@massey-gardner.com,19610526,61422551,Richard,Carroll,60,Carroll_78391
Michelle_Fletcher@anderson.com,19831024,15665159,Michelle,Fletcher,38,Fletcher_e6fff
Carol_Murphy@lowe.com,19640317,54241135,Carol,Murphy,57,Murphy_ecd95
Michael_Russell@orozco.com,19680308,24280095,Michael,Russell,53,Russell_203e4
Shawna_Andrews@freeman.com,19981115,12022295,Shawna,Andrews,23,Andrews_776f9
Dana_Hernandez@jackson.com,19940126,50236391,Dana,Hernandez,27,Hernandez_3d7b1
Lauren_Harris@long.com,19780811,42605007,Lauren,Harris,43,Harris_e20bd
Sean_Morales@molina.com,20030920,50605207,Sean,Morales,18,Morales_867f3
Andrea_Dennis@smith-goodman.com,19570926,17153399,Andrea,Dennis,64,Dennis_14df3
John_Mendoza@mahoney.com,19850519,85845135,John,Mendoza,36,Mendoza_fa60d
Jeremy_Krueger@haley.com,19830715,37358751,Jeremy,Krueger,38,Krueger_b37c9
Sierra_Mcdaniel@mata.com,20030713,77274903,Sierra,Mcdaniel,18,Mcdaniel_4de3f
Wendy_Smith@smith-webb.com,19700128,60349279,Wendy,Smith,51,Smith_85c0b
Leslie_Diaz@thomas-shelton.com,19570430,57506727,Leslie,Diaz,64,Diaz_0bd1d
Grant_Snyder@gonzales.com,19731031,23872143,Grant,Snyder,48,Snyder_d3f05
Brandi_Jenkins@miller.com,19651228,79308567,Brandi,Jenkins,56,Jenkins_27fe6
Amy_Haynes@levy.com,19600314,41563455,Amy,Haynes,61,Haynes_18bc2
John_Roberts@hendricks.com,19540315,16513279,John,Roberts,67,Roberts_d606a
Carrie_Nelson@archer-murphy.com,19510609,49242255,Carrie,Nelson,70,Nelson_fde1d
Jacob_Hood@evans.com,19560208,24204143,Jacob,Hood,65,Hood_bb6b9
Tracy_Charles@rowe.com,19931108,62200511,Tracy,Charles,28,Charles_02485
Heather_Miller@taylor.net,19530128,37035727,Heather,Miller,68,Miller_28ba0
Brandon_Johnson@ramirez.com,19851003,60862935,Brandon,Johnson,36,Johnson_8eba4
Kevin_Cook@cox-stewart.com,19780913,71239915,Kevin,Cook,43,Cook_a5121
Derrick_Lane@yates.com,19890916,65837219,Derrick,Lane,32,Lane_24958
Wendy_Nelson@day.com,19650108,59119063,Wendy,Nelson,56,Nelson_f7fc3
Jasmine_Ramsey@jackson.com,19500407,16447279,Jasmine,Ramsey,71,Ramsey_843ef
William_Beltran@bean.com,19850313,16495975,William,Beltran,36,Beltran_b42ac
Albert_Jefferson@diaz-bailey.com,19841117,32919607,Albert,Jefferson,37,Jefferson_84127
Jessica_Ferguson@young.com,19670129,78033235,Jessica,Ferguson,54,Ferguson_8004f
Gerald_Stuart@strong.net,19950810,98421991,Gerald,Stuart,26,Stuart_42d02
Jacob_Vaughan@martinez.com,19830908,69615007,Jacob,Vaughan,38,Vaughan_40056
Matthew_Fuentes@miranda.com,19660329,33411447,Matthew,Fuentes,55,Fuentes_0598c
April_Carpenter@page.com,19710929,97274415,April,Carpenter,50,Carpenter_4acee
Rachel_Garcia@neal.com,19961021,87786127,Rachel,Garcia,25,Garcia_d383b
Patrick_Madden@sanders.com,19941101,35389647,Patrick,Madden,27,Madden_d8100
Angela_Myers@rodriguez.com,19740126,59457063,Angela,Myers,47,Myers_96365
Wayne_Baker@brown.com,19671227,92067207,Wayne,Baker,54,Baker_726e6
Haley_Cox@lewis.com,19641001,27911351,Haley,Cox,57,Cox_c2d50
Dan_Sanders@klein-hernandez.com,19500813,30043759,Dan,Sanders,71,Sanders_65a5d
Timothy_Boyle@roach.net,19840608,49033195,Timothy,Boyle,37,Boyle_7540a
Thomas_Fisher@phillips.com,19850415,99090999,Thomas,Fisher,36,Fisher_cd40a
Taylor_Lopez@jones-salazar.com,19570522,17889439,Taylor,Lopez,64,Lopez_d2a7d
Cynthia_Ortiz@mathis.com,19590706,91591279,Cynthia,Ortiz,62,Ortiz_fed1f
Jeffrey_Macias@cox.com,19900310,98485783,Jeffrey,Macias,31,Macias_76606
Brian_Drake@hurst-price.net,19621102,83466007,Brian,Drake,59,Drake_1697c
Anna_Austin@mcguire.com,19991122,83758091,Anna,Austin,22,Austin_69ddb
Joel_Clark@mcclain.com,19580712,65159231,Joel,Clark,63,Clark_b1291
Deborah_Olson@greene.com,19570805,92118339,Deborah,Olson,64,Olson_4c0a6
Michael_Love@rodriguez-martinez.net,20020321,41033095,Michael,Love,19,Love_01195
Timothy_Jordan@young.com,19991228,77411263,Timothy,Jordan,22,Jordan_26d57
Kathy_Leblanc@warren-gray.com,19810227,69067343,Kathy,Leblanc,40,Leblanc_25e89
William_Floyd@duran.com,19720713,27758191,William,Floyd,49,Floyd_ee7c0
Angela_Hayden@barry.net,19960623,28574351,Angela,Hayden,25,Hayden_44dbe
Renee_Hodges@hamilton.com,19871228,63899519,Renee,Hodges,34,Hodges_c3205
Samantha_Miller@mcmahon.com,19650406,41451647,Samantha,Miller,56,Miller_b1a7b
Lauren_Orozco@sanchez.com,20000126,71540231,Lauren,Orozco,21,Orozco_32e5d
Destiny_Johns@hayes.com,19731201,89233575,Destiny,Johns,48,Johns_bd350
Jennifer_Davis@nguyen.com,19931018,72513603,Jennifer,Davis,28,Davis_d9ba6
April_Owen@sanchez.com,19670923,16552967,April,Owen,54,Owen_1c1c8
Evan_Russell@ferguson.net,19590120,75209343,Mr.,Evan,62,Evan_eeae9
Jordan_Cruz@clark-dickerson.com,19580323,42355435,Jordan,Cruz,63,Cruz_a019e
Brent_Castaneda@garcia.com,19580307,80875871,Brent,Castaneda,63,Castaneda_1e9a5
Gregory_Peters@ray.net,19900902,78256247,Gregory,Peters,31,Peters_62c2d
Jason_Malone@allen.com,19550503,47278299,Jason,Malone,66,Malone_82057
Matthew_Salazar@jones-jones.com,19991211,50895327,Matthew,Salazar,22,Salazar_8a391
Martin_Morris@garcia.com,19930810,47193651,Martin,Morris,28,Morris_ed007
Natasha_Martinez@west.com,19680418,55194439,Natasha,Martinez,53,Martinez_fa7cb
Charles_Powell@knight.com,19970906,47215879,Charles,Powell,24,Powell_89e26
Brian_Powell@hernandez.com,19591115,67153775,Brian,Powell,62,Powell_c3379
Laura_Sandoval@brown.com,19860913,17475623,Laura,Sandoval,35,Sandoval_6592d
Charles_Gonzalez@navarro.com,19710404,94465511,Mr.,Charles,50,Charles_bc4a4
Nicholas_Caldwell@hurley-bass.com,19770714,42525999,Nicholas,Caldwell,44,Caldwell_92d76
Brian_Wyatt@wright-young.com,19581211,63631399,Brian,Wyatt,63,Wyatt_ac546
Ryan_Garcia@vazquez-wells.com,19930815,26856535,Ryan,Garcia,28,Garcia_a540e
Megan_Anderson@wilson-murillo.com,19700729,21736903,Megan,Anderson,51,Anderson_a86c0
Pamela_Hughes@charles-costa.com,19870613,40181295,Pamela,Hughes,34,Hughes_5403f
Tiffany_Scott@davis.com,19861110,76272207,Tiffany,Scott,35,Scott_af31d
Stanley_Conway@adams.com,19850905,71853567,Stanley,Conway,36,Conway_b17c3
Yolanda_Petty@dunlap-brown.com,19910125,69674519,Yolanda,Petty,30,Petty_89b4f
Emily_Oneal@gutierrez.com,19580118,49152079,Emily,Oneal,63,Oneal_1a34f
Tara_Jones@blankenship.net,19850303,49275455,Tara,Jones,36,Jones_7290c
Christine_Cohen@rich-bell.com,19940621,80232231,Christine,Cohen,27,Cohen_0fcc4
Daniel_Gutierrez@santana-bryan.com,19571103,93799931,Daniel,Gutierrez,64,Gutierrez_8e2f3
George_Williams@patton.com,19810319,69991287,George,Williams,40,Williams_c20d3
Lori_Allen@valdez-phillips.com,20020916,28175727,Lori,Allen,19,Allen_8c000
Charles_Kelly@dalton.com,19690401,62777351,Charles,Kelly,52,Kelly_0c61d
Jonathan_Villa@suarez.com,19751203,80471287,Jonathan,Villa,46,Villa_19bdd
Cindy_Jackson@garcia-burch.com,19670727,60954247,Cindy,Jackson,54,Jackson_40b1b
Scott_Williams@keller-wong.com,19800308,85799255,Scott,Williams,41,Williams_10ae3
Dylan_Hernandez@singleton-johnson.com,19950301,31405951,Dylan,Hernandez,26,Hernandez_04544
Michelle_Garcia@lynch.com,19801017,52895823,Michelle,Garcia,41,Garcia_6967c
Matthew_Bailey@benjamin.com,19870728,39436023,Matthew,Bailey,34,Bailey_255ab
Kristin_Edwards@short.com,19820603,22435107,Kristin,Edwards,39,Edwards_e7bbf
Kristen_Kirk@ayers.com,19590823,97993751,Kristen,Kirk,62,Kirk_079a3
Ruth_Carrillo@paul.com,19790905,43751451,Ruth,Carrillo,42,Carrillo_d036e
Jacob_Stephenson@larson-stevenson.net,19541111,75359427,Jacob,Stephenson,67,Stephenson_dd890
Curtis_Flynn@cook-drake.com,19780926,58787463,Curtis,Flynn,43,Flynn_066c3
Thomas_Perez@greene-lopez.com,19630220,96377439,Thomas,Perez,58,Perez_7a5c3
Sheri_Kline@hinton.com,19940609,33546343,Sheri,Kline,27,Kline_e724e
Jeff_Baker@bentley.com,19670424,57871767,Mr.,Jeff,54,Jeff_4cd37
William_Powell@harrell.com,19670721,71832243,William,Powell,54,Powell_d1cfb
Shannon_Thomas@dawson-alexander.com,19680903,18892279,Shannon,Thomas,53,Thomas_2a3b9
Jeffrey_Murray@jones.net,19821221,27473887,Jeffrey,Murray,39,Murray_8d3f7
Carla_Jackson@morris.com,19940715,44275151,Carla,Jackson,27,Jackson_5ae26
Kristin_Wagner@clayton.com,19970129,66045343,Kristin,Wagner,24,Wagner_83f4e
Kathleen_Rodriguez@frost-james.com,19671005,65397891,Kathleen,Rodriguez,54,Rodriguez_3b414
Nicole_Shea@mcclure.com,19560102,28795599,Nicole,Shea,66,Shea_abeb3
Patty_Smith@ross.com,19750827,59428759,Patty,Smith,46,Smith_c7677
Sean_Wang@gibson-calderon.com,19600311,25595367,Sean,Wang,61,Wang_04168
Richard_Estrada@malone.com,19921015,22821527,Richard,Estrada,29,Estrada_0bf5b
Jackson_Cline@hudson.net,19710121,48056519,Jackson,Cline,50,Cline_825fb
Allen_Williams@sanchez.net,19971109,77991519,Allen,Williams,24,Williams_3e726
Eric_Flores@dillon-patterson.com,19820107,36641663,Eric,Flores,39,Flores_f6828
Anna_Richardson@perry.com,19670223,64083047,Anna,Richardson,54,Richardson_ef158
Benjamin_Smith@christian-contreras.com,19871223,95835639,Benjamin,Smith,34,Smith_9625b
Taylor_Gomez@johnston.com,19821022,24007567,Taylor,Gomez,39,Gomez_876bf
Jeremy_Rodriguez@roth.com,19780828,32567967,Jeremy,Rodriguez,43,Rodriguez_93ac7
April_Garcia@hall.com,19871231,24650447,April,Garcia,34,Garcia_26b55
Sharon_Garza@duran.com,20020830,59411567,Sharon,Garza,19,Garza_40199
Lori_Sanchez@hardin-warner.net,19980420,76989167,Lori,Sanchez,23,Sanchez_364a7
Joseph_Reed@kelley.com,19511220,18798163,Joseph,Reed,70,Reed_3bc34
Jason_Armstrong@curtis.com,19921116,68514503,Jason,Armstrong,29,Armstrong_e2fb8
Jessica_Allison@harper.com,19721030,66821135,Jessica,Allison,49,Allison_0c21b
Arthur_Hall@gonzalez.com,19940311,65493407,Arthur,Hall,27,Hall_5eccd
Sherry_Meza@west.com,19970409,33491119,Sherry,Meza,24,Meza_5bcfa
Matthew_Turner@martinez.com,19940707,73291455,Matthew,Turner,27,Turner_0303a
Jeffrey_Bauer@garza.com,19660813,51154803,Jeffrey,Bauer,55,Bauer_18f68
Sophia_Randolph@leonard-ramirez.com,19500807,94510479,Sophia,Randolph,71,Randolph_76c7a
Marissa_Matthews@graves.com,19720221,20636447,Marissa,Matthews,49,Matthews_2a414
Samuel_Thompson@sanchez-carroll.com,19840304,99063183,Dr.,Samuel,37,Samuel_8382b
Zachary_Lee@smith.com,19870704,36447751,Zachary,Lee,34,Lee_76cce
Kara_Pittman@gomez-vaughn.com,19680525,80502567,Kara,Pittman,53,Pittman_44c4d
Charles_Ruiz@sullivan-jones.com,19680113,85158255,Charles,Ruiz,53,Ruiz_1546f
Rachel_Shaw@stevenson-martinez.com,19581223,66511687,Rachel,Shaw,63,Shaw_45468
James_Miller@nguyen.com,19710831,64917031,James,Miller,50,Miller_d11a8
Gabriella_Anthony@castro.com,19970106,89108943,Gabriella,Anthony,24,Anthony_ebd30
Misty_Cantrell@flores-decker.com,19570303,79619831,Misty,Cantrell,64,Cantrell_b19eb
Kelly_Guerrero@riggs.com,19970203,53052583,Kelly,Guerrero,24,Guerrero_d55cb
David_Nichols@rocha.com,19620819,62269575,David,Nichols,59,Nichols_9226a
Shawn_Galloway@johnston.com,19850419,17471367,Shawn,Galloway,36,Galloway_1a4d2
Fernando_Salazar@humphrey.com,19720419,71192443,Fernando,Salazar,49,Salazar_88b5f
Dennis_Sanford@lopez-archer.com,19800806,88084407,Dennis,Sanford,41,Sanford_c7e24
Amanda_Murphy@bright-gibbs.net,20000730,30501351,Amanda,Murphy,21,Murphy_0851c
Bobby_Martin@jackson.com,20000331,43871143,Bobby,Martin,21,Martin_35f44
Lauren_Jones@castaneda.com,19870724,96512831,Lauren,Jones,34,Jones_3cea3
Vernon_Bishop@clark-larson.com,19730710,78396487,Vernon,Bishop,48,Bishop_b0506
Phillip_Meyers@mcneil-williams.com,19601022,95409119,Phillip,Meyers,61,Meyers_2871d
Jeremy_Strickland@adkins.com,19501223,20151487,Jeremy,Strickland,71,Strickland_c13f0
Robert_Martin@crawford.com,19500718,78547615,Robert,Martin,71,Martin_6f48d
Marc_Davis@harris.com,19800520,96597403,Marc,Davis,41,Davis_7d08d
William_Taylor@warner-morgan.net,19860131,42996791,William,Taylor,35,Taylor_4fbc5
Alyssa_Pierce@ruiz.com,19680516,95839991,Alyssa,Pierce,53,Pierce_133dc
Michael_Brady@wells-sanders.com,19500323,65342263,Michael,Brady,71,Brady_bd431
James_Rhodes@green.com,19771010,27465295,James,Rhodes,44,Rhodes_df266
Ryan_Ramirez@pham.com,19850425,67907071,Ryan,Ramirez,36,Ramirez_5ff32
Stephen_Thompson@hess.com,19511112,75033031,Stephen,Thompson,70,Thompson_52cd0
Susan_Williams@rowland.com,19761205,95688383,Susan,Williams,45,Williams_3b0d4
Nancy_Aguilar@lane.com,19950811,97516423,Nancy,Aguilar,26,Aguilar_ad5a0
Jessica_Williams@thomas-martin.com,19730824,26472931,Jessica,Williams,48,Williams_b7835
Dylan_Johnson@montgomery.com,19960107,52048815,Dylan,Johnson,25,Johnson_d53b7
Pamela_King@soto.net,19930929,72515095,Pamela,King,28,King_01148
Robert_Smith@joyce.com,19870424,76366335,Robert,Smith,34,Smith_634dd
Samantha_Gonzalez@rios-fletcher.com,19980829,40456647,Samantha,Gonzalez,23,Gonzalez_31e9a
Terry_Pierce@warner-reyes.com,19640910,91518459,Terry,Pierce,57,Pierce_68d7c
Jeffery_Walker@watson.com,19560624,46574799,Jeffery,Walker,65,Walker_ba5b7
Todd_Alvarez@vaughn.com,19741125,42011263,Todd,Alvarez,47,Alvarez_7bc5d
Brett_Willis@gibbs.com,19610908,86342007,Brett,Willis,60,Willis_d0046
Louis_Klein@phillips-allen.com,19651220,33671863,Louis,Klein,56,Klein_43163
Kristin_Wilkins@harvey.com,20020511,84393855,Kristin,Wilkins,19,Wilkins_48a0a
Joshua_Lynch@daniels.com,19650526,71572839,Joshua,Lynch,56,Lynch_49515
Deborah_Williams@howard.com,19841121,11357647,Deborah,Williams,37,Williams_e69d3
Timothy_Martin@camacho-sparks.net,20030501,92008191,Timothy,Martin,18,Martin_6cf84
Sarah_Bright@winters.com,19981115,24327743,Sarah,Bright,23,Bright_776f9
Rebecca_Anderson@carter-ramirez.com,19730827,27023231,Rebecca,Anderson,48,Anderson_48071
Roger_Frost@cole-robinson.com,19700217,94120431,Roger,Frost,51,Frost_5ba4a
Toni_Dunn@chapman.com,19800831,89674459,Toni,Dunn,41,Dunn_8edbe
Eric_Dunn@reese.com,19601207,13714207,Eric,Dunn,61,Dunn_84e93
Heather_Pierce@williams-edwards.com,19570813,32413999,Heather,Pierce,64,Pierce_1096d
Jordan_Erickson@martinez.com,19750802,64756655,Jordan,Erickson,46,Erickson_6b984
Susan_Ali@leach.com,19990105,74229143,Susan,Ali,22,Ali_f361f
Richard_Wilson@hernandez.com,19990703,36349175,Richard,Wilson,22,Wilson_f0626
Jon_Butler@blackwell.com,19870318,78121695,Jon,Butler,34,Butler_a60e8
Paul_Phillips@vance.com,19970216,11213063,Paul,Phillips,24,Phillips_01acd
Adam_Parker@yoder.com,19980722,27783391,Adam,Parker,23,Parker_5ebc0
Cory_Walker@torres.net,19621208,37614935,Cory,Walker,59,Walker_a21be
Jeffrey_Sanchez@jones-butler.com,19950914,73226919,Jeffrey,Sanchez,26,Sanchez_cf3c9
Bianca_Martin@mitchell.com,19780205,86924127,Bianca,Martin,43,Martin_7bf56
Jeffrey_King@hicks-boyd.com,19770623,68622991,Jeffrey,King,44,King_2f8a4
Shelly_Mcdaniel@little.com,19951028,86599403,Shelly,Mcdaniel,26,Mcdaniel_ab5b4
Melanie_Wiggins@mcdonald-rice.com,20000214,91699615,Melanie,Wiggins,21,Wiggins_c46e0
Daniel_Smith@cummings.com,19860308,26613823,Mr.,Daniel,35,Daniel_e0b77
Christopher_Smith@lamb.com,19810707,42594715,Christopher,Smith,40,Smith_216c5
Marc_Love@martin.com,19550722,96796419,Marc,Love,66,Love_95197
Scott_Lawrence@aguilar.com,19760104,59217375,Scott,Lawrence,45,Lawrence_fbccd
James_Sosa@robles-hawkins.com,19570811,47053447,James,Sosa,64,Sosa_84005
Jamie_Jackson@carr.com,19770526,71512687,Jamie,Jackson,44,Jackson_b5943
Jeffrey_Hatfield@morgan-erickson.com,19701014,69441735,Jeffrey,Hatfield,51,Hatfield_bf691
James_Phillips@green-taylor.com,19611019,89808183,James,Phillips,60,Phillips_c68d2
Jessica_Moore@harrison-bautista.com,19990905,27155335,Jessica,Moore,22,Moore_555b6
Debra_Peters@smith.com,19820804,69115179,Debra,Peters,39,Peters_6955e
Richard_Anderson@peck-franklin.com,19700405,24730327,Richard,Anderson,51,Anderson_6c12a
Lauren_Hahn@simmons.com,19720620,15132727,Lauren,Hahn,49,Hahn_38908
Joseph_Perez@ryan.com,19740909,61876187,Joseph,Perez,47,Perez_a30c9
Faith_Edwards@price.net,19770726,44653063,Faith,Edwards,44,Edwards_96edd
Laura_Vargas@gallagher-young.com,19770910,40816943,Laura,Vargas,44,Vargas_b176f
Sarah_Lewis@wyatt.com,19810225,37945839,Sarah,Lewis,40,Lewis_f236b
Brad_Huff@moore.com,19611227,28207575,Brad,Huff,60,Huff_88806
Thomas_Sanchez@cunningham-reid.net,19570914,23994083,Thomas,Sanchez,64,Sanchez_a1536
Alexander_Richardson@perez.com,19581025,34675335,Alexander,Richardson,63,Richardson_e102e
Matthew_Moore@nichols.com,20030707,66391671,Matthew,Moore,18,Moore_4788f
Joseph_Howard@williams.com,19520726,46746383,Joseph,Howard,69,Howard_99bdb
Jacqueline_Phillips@larson.com,19880118,55793915,Jacqueline,Phillips,33,Phillips_3268f
Anne_Richards@mccarthy.com,19690609,84963423,Anne,Richards,52,Richards_e1b0f
Derek_Thomas@green.com,19640724,37329863,Derek,Thomas,57,Thomas_a6b2a
Joseph_Bonilla@freeman.com,19740508,66912183,Joseph,Bonilla,47,Bonilla_07c60
Gary_Barber@roberts.net,19551112,44790343,Gary,Barber,66,Barber_8e448
Brian_Johnson@carr.com,19810617,76631695,Brian,Johnson,40,Johnson_01409
Christine_Peterson@hamilton.com,19741119,57627175,Christine,Peterson,47,Peterson_d3043
Christopher_Bautista@rodgers.com,19940212,48834663,Christopher,Bautista,27,Bautista_06ca7
Barbara_Krueger@strong.com,19520322,30905343,Barbara,Krueger,69,Krueger_f41b0
Monica_Oconnor@gordon.com,19800107,97887295,Monica,Oconnor,41,Oconnor_5d9be
Peggy_Johnson@berg.com,19720328,34795631,Peggy,Johnson,49,Johnson_317e0
Susan_Herrera@gomez.com,19550826,24027735,Susan,Herrera,66,Herrera_2275e
Andrew_Matthews@ramos-vaughn.com,19880219,90821359,Andrew,Matthews,33,Matthews_33105
Erin_Kennedy@hendricks-mason.com,19650109,35865639,Erin,Kennedy,56,Kennedy_e1e07
Jason_Lopez@wood-hill.com,19740830,11287127,Jason,Lopez,47,Lopez_ad64b
Jerry_Clark@perez.com,19950928,46859655,Jerry,Clark,26,Clark_850e2
Alyssa_Kim@beck-zuniga.com,19901108,59732335,Alyssa,Kim,31,Kim_61638
Courtney_Williams@garner.com,19990919,27598999,Courtney,Williams,22,Williams_225d6
Kevin_Haynes@jones.com,19690624,75433787,Kevin,Haynes,52,Haynes_d74e4
John_Hicks@weber.com,19530912,95395487,John,Hicks,68,Hicks_c3ab0
Eric_Kennedy@mcdonald.com,19990522,77994331,Eric,Kennedy,22,Kennedy_b93e8
Matthew_Nelson@hunt.com,19580127,45515247,Matthew,Nelson,63,Nelson_49b51
Carolyn_Glover@walker.com,19790714,87832791,Carolyn,Glover,42,Glover_9a700
Robert_Moore@young.com,19550415,19512199,Robert,Moore,66,Moore_bd6b1
Nicole_Mcgee@reyes.com,19590303,34539135,Nicole,Mcgee,62,Mcgee_84007
Danielle_Hunter@ballard.com,19710811,99947039,Danielle,Hunter,50,Hunter_c76d0
Kelly_Perez@ward-wilson.com,19600519,60614735,Kelly,Perez,61,Perez_016c7
Mary_Odom@morgan-reynolds.com,19630813,98738367,Mary,Odom,58,Odom_e8796
Arthur_Gibson@thompson-thompson.com,19610306,75411807,Arthur,Gibson,60,Gibson_7ade8
Katherine_Brennan@garcia.net,19771113,37918255,Miss,Katherine,44,Katherine_fbe29
Christopher_Miller@kelly.com,19850131,16222031,Christopher,Miller,36,Miller_5a80b
Amber_Hopkins@hall.com,19750831,15289039,Amber,Hopkins,46,Hopkins_7c2f6
Christine_Lara@barnes-lee.com,19590103,77716475,Christine,Lara,62,Lara_05622
Nancy_Garcia@lewis-hayden.com,19680305,62971303,Nancy,Garcia,53,Garcia_76b84
Alex_Rhodes@russell.net,19780913,75808519,Alex,Rhodes,43,Rhodes_a5121
Daniel_Bennett@stephens-oneill.com,19730228,20776023,Daniel,Bennett,48,Bennett_1ed65
Kevin_Woodard@lynch.com,19550809,30319911,Kevin,Woodard,66,Woodard_0dee6
Todd_Wheeler@woods.com,19960904,50356375,Todd,Wheeler,25,Wheeler_62b5f
Linda_Woods@diaz.com,19611127,81195711,Linda,Woods,60,Woods_5e5f2
Alan_Peterson@burch.com,19760129,88993663,Alan,Peterson,45,Peterson_9e709
Jacob_Grant@cummings.com,19911204,94196575,Jacob,Grant,30,Grant_46694
Gabrielle_Johnson@serrano.com,19580610,35424207,Gabrielle,Johnson,63,Johnson_aa25e
Anne_Howard@rowe.com,19690610,35198251,Anne,Howard,52,Howard_45839
Caleb_Morales@collins.com,19660329,69459679,Caleb,Morales,55,Morales_0598c
James_Dominguez@black.com,19881205,49527207,James,Dominguez,33,Dominguez_e2663
Kathryn_Cardenas@skinner.com,19830508,81016239,Kathryn,Cardenas,38,Cardenas_35ae4
Jeffrey_Santiago@duncan.com,19750228,93827623,Jeffrey,Santiago,46,Santiago_5cbec
Andrew_Mclaughlin@fitzpatrick-lucas.com,19730514,66417719,Andrew,Mclaughlin,48,Mclaughlin_b2423
Bryan_Porter@elliott.com,19570214,88089671,Mr.,Bryan,64,Bryan_e9e42
Brendan_Smith@williams.com,19580516,67839775,Brendan,Smith,63,Smith_750a9
Amy_Wilson@cortez.net,19740412,64392323,Amy,Wilson,47,Wilson_09540
David_Clark@fleming.com,19850801,44834223,David,Clark,36,Clark_f30a3
Erika_Joseph@romero.com,19810303,51075039,Erika,Joseph,40,Joseph_f0dcb
Jeffrey_Hernandez@mcdaniel.com,19891231,76263607,Jeffrey,Hernandez,32,Hernandez_f3251
Michael_Miller@taylor-moore.com,19640520,17581687,Michael,Miller,57,Miller_375ad
Theresa_Newman@perry-scott.com,19941129,36575799,Theresa,Newman,27,Newman_069d1
Paul_Romero@middleton-jones.com,19601007,98843943,Paul,Romero,61,Romero_7ffde
Kathleen_Ramirez@banks-wright.com,19550829,40351711,Kathleen,Ramirez,66,Ramirez_04ceb
Janet_Choi@neal.com,19860718,66675695,Janet,Choi,35,Choi_e37de
Mark_Bender@oneal-wilkins.com,19690911,27354911,Mark,Bender,52,Bender_b8ade
Abigail_Brown@jones-underwood.com,19800810,15726143,Abigail,Brown,41,Brown_7bef7
Antonio_Dominguez@nichols.com,19801115,75861007,Antonio,Dominguez,41,Dominguez_821d7
Tony_Morris@davis.com,19700805,33280551,Tony,Morris,51,Morris_1057d
Randy_Carlson@rivera.com,19550530,51211679,Randy,Carlson,66,Carlson_d8db2
Mitchell_Pierce@houston-conway.net,20010824,96845551,Mitchell,Pierce,20,Pierce_7e42c
Angela_West@anderson-fitzgerald.com,19810427,59397207,Angela,West,40,West_0afba
Sherry_Lyons@carson-copeland.com,19980902,47672835,Sherry,Lyons,23,Lyons_5c73e
Jennifer_Butler@arellano-morris.com,19511118,16079075,Jennifer,Butler,70,Butler_c810e
Kevin_Peters@edwards.com,19670602,28855487,Kevin,Peters,54,Peters_4b936
Benjamin_Conway@burton-paul.com,19551228,23338319,Benjamin,Conway,66,Conway_b14b9
Noah_Mccarty@rios-oneill.com,19650620,64718427,Noah,Mccarty,56,Mccarty_6f29c
Andrew_Stewart@wong.com,19511202,19799879,Andrew,Stewart,70,Stewart_c3765
Brenda_Jones@lang.com,19550804,62608823,Brenda,Jones,66,Jones_e27fe
Jerry_Shannon@sweeney-gibbs.com,19510505,86239787,Jerry,Shannon,70,Shannon_6484d
Blake_Brown@george-kelly.net,19570615,34835327,Blake,Brown,64,Brown_75572
Michael_Bowers@klein-barry.com,20020903,70074031,Michael,Bowers,19,Bowers_29d22
Elizabeth_Bailey@stephenson-arnold.com,19630101,20218071,Elizabeth,Bailey,59,Bailey_5c8a5
James_Cruz@bender-harris.com,19500730,18758595,James,Cruz,71,Cruz_a17c6
Kelly_Levy@barajas.com,19940805,74468255,Kelly,Levy,27,Levy_1b739
Thomas_Burton@dunn-avery.net,19750419,14613071,Thomas,Burton,46,Burton_e624b
Kimberly_Garcia@tapia.com,19630801,41397407,Kimberly,Garcia,58,Garcia_ea09c
Paul_Peterson@bullock.com,20021225,59148863,Paul,Peterson,19,Peterson_c41f4
Michael_Reilly@cooper.net,19720514,33876967,Michael,Reilly,49,Reilly_1c829
Alejandra_Martinez@jones.com,19791221,87381327,Alejandra,Martinez,42,Martinez_d6f6b
Timothy_Sanders@harrell.com,19521003,63453583,Timothy,Sanders,69,Sanders_e813f
Latoya_Little@martinez.com,19780708,43404335,Latoya,Little,43,Little_9b0c8
Sarah_Harvey@martin-smith.com,19600331,58520471,Sarah,Harvey,61,Harvey_119d2
Aaron_Hansen@mckinney.com,19980128,51639887,Aaron,Hansen,23,Hansen_df29c
Melissa_Ortiz@lee-malone.com,19580729,49637727,Melissa,Ortiz,63,Ortiz_84be0
Brooke_Hernandez@benitez.com,19911114,97309975,Brooke,Hernandez,30,Hernandez_bcb5b
Lisa_Livingston@glover.com,19500423,20519415,Lisa,Livingston,71,Livingston_19295
Eugene_Mason@gardner.com,19781213,47810855,Eugene,Mason,43,Mason_6bc9b
Daniel_Cunningham@cooper.com,19730326,78657983,Daniel,Cunningham,48,Cunningham_12799
Alex_Smith@johnson.com,20020503,58965703,Alex,Smith,19,Smith_894dd
Charles_Jennings@cochran.net,19750714,70913863,Charles,Jennings,46,Jennings_18c5d
Jessica_Vargas@miller-price.net,19810517,48925903,Jessica,Vargas,40,Vargas_ed53f
Olivia_Clark@wade-roberson.com,19741001,67793735,Olivia,Clark,47,Clark_92a9e
Ricky_Allen@roberts-mendoza.com,19610619,61433467,Ricky,Allen,60,Allen_3a518
Cathy_Carney@williams.net,19970522,31104151,Cathy,Carney,24,Carney_0d73a
Ashley_Spencer@anderson.com,19910126,68555775,Ashley,Spencer,30,Spencer_c60e6
Victoria_Strickland@mccarthy-stewart.com,19530730,31595971,Victoria,Strickland,68,Strickland_c68d2
Patrick_Smith@molina.net,19720129,76398335,Patrick,Smith,49,Smith_5b12e
Samuel_West@johnson-ryan.net,20020627,50354899,Samuel,West,19,West_15f40
Haley_Baldwin@bush-wolfe.com,19650413,31940631,Haley,Baldwin,56,Baldwin_b3439
Alexander_Wilson@barron-garcia.com,19881111,13893319,Alexander,Wilson,33,Wilson_51998
April_Cole@vargas.com,19610622,65186503,April,Cole,60,Cole_2b0a2
Holly_Riley@stokes.com,19740728,55620431,Holly,Riley,47,Riley_3e1f8
Jeffrey_Poole@cross.com,19570204,82077439,Jeffrey,Poole,64,Poole_23f28
Rachel_Poole@jones.net,19760807,35095087,Rachel,Poole,45,Poole_46b07
Sheena_Ward@wilson-mcbride.com,19730926,96834175,Sheena,Ward,48,Ward_57d0c
Cynthia_Smith@smith.com,19510509,48760255,Cynthia,Smith,70,Smith_8477e
Kevin_Clayton@miller.com,19750807,25081071,Kevin,Clayton,46,Clayton_6ad7d
Deanna_Smith@cooke.com,19510416,50395271,Deanna,Smith,70,Smith_774d5
Sarah_Coleman@novak.com,19500119,37411775,Sarah,Coleman,71,Coleman_db259
Kurt_Butler@taylor.net,19640621,43394675,Kurt,Butler,57,Butler_19820
Cody_Becker@hansen.com,19601216,76003567,Cody,Becker,61,Becker_dd317
Molly_Miller@king-kelly.net,19770511,99947663,Miss,Molly,44,Molly_d8bf5
Craig_Bailey@hancock-brown.com,19970713,33032303,Craig,Bailey,24,Bailey_fac5d
Patricia_Gray@dawson.com,19660319,18281751,Patricia,Gray,55,Gray_00c0a
Robert_Rivera@gibson.com,19500722,35020847,Robert,Rivera,71,Rivera_6a7ce
Michelle_Lewis@wiggins-thornton.com,19830121,64700455,Miss,Michelle,38,Michelle_afe1c
John_Owens@callahan.com,19670424,71230983,John,Owens,54,Owens_4cd37
Sarah_Smith@kirk.com,19680804,22702359,Sarah,Smith,53,Smith_313dd
Nancy_Lucas@aguilar.com,19830607,91477863,Nancy,Lucas,38,Lucas_b2c40
Christina_Murray@collins-day.com,19791217,35027583,Christina,Murray,42,Murray_a46c7
Emma_Berry@charles.com,19940107,34612959,Emma,Berry,27,Berry_c02ad
Christopher_Gross@grimes.net,20031114,49217831,Christopher,Gross,18,Gross_2742d
Jason_Hawkins@adams-hunter.com,19541001,31750255,Jason,Hawkins,67,Hawkins_8aa4f
Jeffrey_Rodriguez@johnson-white.com,19690718,29947599,Jeffrey,Rodriguez,52,Rodriguez_84bf3
Christina_Miller@marshall-lucas.com,19530425,92153503,Christina,Miller,68,Miller_84bb3
Maria_Miller@roberts.com,19941221,86317751,Maria,Miller,27,Miller_208dd
Eileen_Davis@knox.com,19520404,19544735,Eileen,Davis,69,Davis_3a81f
John_Kelley@george-barker.com,19960928,99919107,John,Kelley,25,Kelley_336ba
Harry_Miller@warner-jackson.com,19890613,63478047,Harry,Miller,32,Miller_4e2a7
Ellen_Montes@sellers.com,19610714,16519759,Ellen,Montes,60,Montes_29eaa
Gregory_Mclean@valencia.com,19610801,38860951,Gregory,Mclean,60,Mclean_3b78d
Angela_Spencer@lopez.com,19980502,18410783,Angela,Spencer,23,Spencer_071ed
Christina_Price@kennedy-tran.com,19860805,65381695,Christina,Price,35,Price_35238
Michael_Morris@nelson.net,19790924,62959695,Michael,Morris,42,Morris_05ed3
Amber_Randall@boyd-freeman.net,19520910,60506343,Amber,Randall,69,Randall_fe7f8
Matthew_Morris@boyle-novak.com,19981111,49822607,Matthew,Morris,23,Morris_f9657
Cindy_Blackburn@bolton.net,20001008,86098071,Cindy,Blackburn,21,Blackburn_0c5fb
Matthew_Jacobson@bishop-thomas.com,19510412,99110191,Matthew,Jacobson,70,Jacobson_496c2
Stacy_Jones@perez.com,19940909,71998399,Stacy,Jones,27,Jones_c6f5d
Scott_Zimmerman@fischer.com,19560130,70071511,Scott,Zimmerman,65,Zimmerman_881d6
Dakota_Silva@barker-miller.com,19791007,41853599,Dakota,Silva,42,Silva_80f7f
Jacob_Spencer@jefferson.net,19620226,41992359,Jacob,Spencer,59,Spencer_d5b01
Barbara_Hudson@robinson-jones.com,19971028,33194551,Barbara,Hudson,24,Hudson_9d670
Sherry_Peterson@dillon-barber.com,19691126,91916671,Sherry,Peterson,52,Peterson_c30b8
Austin_Bird@young-stout.com,19760515,53713179,Austin,Bird,45,Bird_86853
Matthew_Oliver@mitchell.com,19720423,14016935,Matthew,Oliver,49,Oliver_94edc
Roger_Maddox@richards.com,19810426,86988519,Roger,Maddox,40,Maddox_6974f
Kristin_Higgins@leonard.com,19981219,58071267,Kristin,Higgins,23,Higgins_bc84f
Gilbert_Johnson@jones.com,19850923,97191811,Gilbert,Johnson,36,Johnson_e0381
Bryan_Gutierrez@short-huerta.net,19881118,84795039,Bryan,Gutierrez,33,Gutierrez_c61e8
Peter_Schultz@shah.com,19570829,78301895,Peter,Schultz,64,Schultz_5fff4
Karen_Smith@washington.com,19630505,91036383,Karen,Smith,58,Smith_473c4
Justin_Burke@johnson.com,19961202,43401655,Justin,Burke,25,Burke_ea689
Sarah_Ramsey@hayes.com,19640622,63376279,Sarah,Ramsey,57,Ramsey_4c3e8
Michael_Chang@watkins.com,19900209,99632783,Michael,Chang,31,Chang_e27c8
Pamela_Hughes@rivas-garza.com,19570116,32117783,Pamela,Hughes,64,Hughes_bf91b
Jimmy_Morris@hall-watkins.com,19640120,31836895,Jimmy,Morris,57,Morris_25892
Lauren_Romero@davis.com,20020425,50100783,Lauren,Romero,19,Romero_e5750
Adam_Jones@kline-reeves.com,19570107,83246639,Adam,Jones,64,Jones_2b07e
Michelle_Kidd@klein-goodman.com,19500222,80511627,Michelle,Kidd,71,Kidd_ad962
Matthew_Murphy@graham.com,19600216,18189831,Matthew,Murphy,61,Murphy_5dc4e
Jessica_Arroyo@flores-evans.com,20021019,24971015,Jessica,Arroyo,19,Arroyo_a6982
Caleb_Zuniga@stone.net,19681028,36180711,Caleb,Zuniga,53,Zuniga_a2d94
Kenneth_Walton@anderson.com,19950309,93358011,Kenneth,Walton,26,Walton_dc147
Cheyenne_Moreno@hampton.com,19600912,61341887,Cheyenne,Moreno,61,Moreno_8048c
Courtney_Lopez@sanders.com,19710810,35323391,Courtney,Lopez,50,Lopez_93fe3
Kenneth_Williamson@perez.com,19541003,36169599,Kenneth,Williamson,67,Williamson_b834c
William_Armstrong@richards.net,19641118,25119611,William,Armstrong,57,Armstrong_e8b45
Bruce_Browning@robertson-baldwin.com,19631113,22984503,Bruce,Browning,58,Browning_1f631
Shannon_Gilbert@brown-schaefer.com,19920613,34472903,Shannon,Gilbert,29,Gilbert_cba39
Amanda_Brown@williams.com,19541218,52400391,Amanda,Brown,67,Brown_cde99
Pedro_Mitchell@sims.com,19610927,99595743,Pedro,Mitchell,60,Mitchell_31c89
Riley_Gomez@hoffman.com,19810211,20838807,Riley,Gomez,40,Gomez_010a6
Shelby_Price@fuller.net,19860807,74350543,Shelby,Price,35,Price_e8f96
Scott_Harris@mullins.com,19901214,36307567,Scott,Harris,31,Harris_fc222
Bonnie_Franklin@gillespie.com,19880714,22008807,Bonnie,Franklin,33,Franklin_f8d94
Ashley_Morris@marshall.net,20021001,13085855,Ashley,Morris,19,Morris_73a97
Christopher_Stark@blackwell.com,19710307,94716219,Christopher,Stark,50,Stark_91945
Vanessa_Johnson@barber.com,19601019,89236567,Vanessa,Johnson,61,Johnson_8fef3
Jack_Jensen@kent-williamson.net,19601229,93571087,Jack,Jensen,61,Jensen_676e2
Daniel_Armstrong@brown.com,19820714,18991247,Daniel,Armstrong,39,Armstrong_f79a4
Susan_Donovan@jordan-anderson.com,19690130,85222335,Susan,Donovan,52,Donovan_6c619
Michael_Serrano@turner-maldonado.com,19820711,12792543,Michael,Serrano,39,Serrano_1ec7e
Michael_Powell@mccall.com,19941127,63894311,Michael,Powell,27,Powell_4f74d
Alexander_Lowe@morris.com,19610508,93074023,Alexander,Lowe,60,Lowe_73be1
